dir_name,repository_name,file_name,search_string,taxon_key_id,taxon,scientific_name,species,kingdom,latitude,longitude,coordinate_precision_accuracy,observation_date,location_name,country,region,continent
Preferred_nectar_data,inaturalist,Acanthaceae,Acanthus eminens,578972,Acanthus eminens,,Acanthus eminens,,0.0027777627,32.1344444901,2169.0,2024-01-15,Bunjako Island,Uganda,Eastern Africa,Africa
Preferred_nectar_data,inaturalist,Acanthaceae,Acanthus eminens,578972,Acanthus eminens,,Acanthus eminens,,6.2039466667,37.5615316667,,2023-10-19,"Gaamo, Ethiopia",Ethiopia,Eastern Africa,Africa
Preferred_nectar_data,inaturalist,Acanthaceae,Acanthus eminens,578972,Acanthus eminens,,Acanthus eminens,,6.3133116667,37.5637666667,,2023-10-17,"Gaamo, Ethiopia",Ethiopia,Eastern Africa,Africa
Preferred_nectar_data,inaturalist,Acanthaceae,Acanthus eminens,578972,Acanthus eminens,,,,-1.2744274139,36.8146057129,2887.0,2023-10-18,Nairobi,Kenya,Eastern Africa,Africa
Preferred_nectar_data,inaturalist,Acanthaceae,Acanthus eminens,578972,Acanthus eminens,,Acanthus eminens,,-1.2889257778,36.82698125,,2021-07-25,"Moi ave Nairobi KE, Nairobi, Kenia",Kenya,Eastern Africa,Africa
Preferred_nectar,gbif,Acanthaceae,Acanthus eminens,5573961,,Acanthus eminens C.B.Clarke,Acanthus eminens,Plantae,-1.120612,29.725018,,2023-02-20,"Uganda, Africa",Uganda,Eastern Africa,Africa
Preferred_nectar,gbif,Acanthaceae,Acanthus eminens,5573961,,Acanthus eminens C.B.Clarke,Acanthus eminens,Plantae,,,,2001-12-05,"Ethiopia, Africa",,,
Preferred_nectar,gbif,Acanthaceae,Acanthus eminens,5573961,,Acanthus eminens C.B.Clarke,Acanthus eminens,Plantae,,,,,,,,
Preferred_nectar,gbif,Acanthaceae,Acanthus eminens,5573961,,Acanthus eminens C.B.Clarke,Acanthus eminens,Plantae,,,,,,,,
Preferred_nectar,gbif,Acanthaceae,Acanthus eminens,5573961,,Acanthus eminens C.B.Clarke,Acanthus eminens,Plantae,-0.4167,37.8667,,1949-08-26,"Kenya, Africa",Kenya,Eastern Africa,Africa
Preferred_nectar,gbif,Acanthaceae,Acanthus eminens,5573961,,Acanthus eminens C.B.Clarke,Acanthus eminens,Plantae,-0.4167,37.8667,,1949-08-26,"Kenya, Africa",Kenya,Eastern Africa,Africa
Preferred_nectar,gbif,Acanthaceae,Acanthus eminens,5573961,,Acanthus eminens C.B.Clarke,Acanthus eminens,Plantae,-0.2794,30.0479,,1994-08-28,"Uganda, Africa",Uganda,Eastern Africa,Africa
Preferred_nectar,gbif,Acanthaceae,Acanthus eminens,5573961,,Acanthus eminens C.B.Clarke,Acanthus eminens,Plantae,-1.166,36.791,,2009-02-02,"Kenya, Africa",Kenya,Eastern Africa,Africa
Preferred_nectar,gbif,Acanthaceae,Acanthus eminens,5573961,,Acanthus eminens C.B.Clarke,Acanthus eminens,Plantae,0.22,34.89,,2015-01-01,"Kenya, Africa",Kenya,Eastern Africa,Africa
Preferred_nectar,gbif,Acanthaceae,Acanthus eminens,5573961,,Acanthus eminens C.B.Clarke,Acanthus eminens,Plantae,,,,1970-12-09,,,,
Preferred_nectar,gbif,Acanthaceae,Acanthus eminens,5573961,,Acanthus eminens C.B.Clarke,Acanthus eminens,Plantae,-1.166,36.791,,2009-02-02,"Kenya, Africa",Kenya,Eastern Africa,Africa
Preferred_nectar,gbif,Acanthaceae,Acanthus eminens,5573961,,Acanthus eminens C.B.Clarke,Acanthus eminens,Plantae,0.6682,30.1397,,1994-02-12,"Uganda, Africa",Uganda,Eastern Africa,Africa
Preferred_nectar,gbif,Acanthaceae,Acanthus eminens,5573961,,Acanthus eminens C.B.Clarke,Acanthus eminens,Plantae,,,,,"Uganda, Africa",,,
Preferred_nectar,gbif,Acanthaceae,Acanthus eminens,5573961,,Acanthus eminens C.B.Clarke,Acanthus eminens,Plantae,,,,1969-12-28,"Kenya, Africa",,,
Preferred_nectar,gbif,Acanthaceae,Acanthus eminens,5573961,,Acanthus eminens C.B.Clarke,Acanthus eminens,Plantae,6.714354,39.725177,,1995-12-24,"Ethiopia, Africa",Ethiopia,Eastern Africa,Africa
Preferred_nectar,gbif,Acanthaceae,Acanthus eminens,5573961,,Acanthus eminens C.B.Clarke,Acanthus eminens,Plantae,6.313312,37.563767,,2023-10-17,"Ethiopia, Africa",Ethiopia,Eastern Africa,Africa
Preferred_nectar,gbif,Acanthaceae,Acanthus eminens,5573961,,Acanthus eminens C.B.Clarke,Acanthus eminens,Plantae,6.203947,37.561532,,2023-10-19,"Ethiopia, Africa",Ethiopia,Eastern Africa,Africa
Preferred_nectar,gbif,Acanthaceae,Acanthus eminens,5573961,,Acanthus eminens C.B.Clarke,Acanthus eminens,Plantae,,,,,,,,
Preferred_nectar,gbif,Acanthaceae,Acanthus eminens,5573961,,Acanthus eminens C.B.Clarke,Acanthus eminens,Plantae,-0.995243,36.651248,,2022-01-08,"Kenya, Africa",Kenya,Eastern Africa,Africa
Preferred_nectar,gbif,Acanthaceae,Acanthus eminens,5573961,,Acanthus eminens C.B.Clarke,Acanthus eminens,Plantae,,,,1926-02-01,"Kenya, Africa",,,
Preferred_nectar,gbif,Acanthaceae,Acanthus eminens,5573961,,Acanthus eminens C.B.Clarke,Acanthus eminens,Plantae,,,,2016-06-14,"Kenya, Africa",,,
Preferred_nectar,gbif,Acanthaceae,Acanthus eminens,5573961,,Acanthus eminens C.B.Clarke,Acanthus eminens,Plantae,-1.288926,36.826981,,2021-07-25,"Kenya, Africa",Kenya,Eastern Africa,Africa
Preferred_nectar,gbif,Acanthaceae,Acanthus eminens,5573961,,Acanthus eminens C.B.Clarke,Acanthus eminens,Plantae,-1.135092,36.674103,,2022-09-29,"Kenya, Africa",Kenya,Eastern Africa,Africa
Preferred_nectar,gbif,Acanthaceae,Acanthus eminens,5573961,,Acanthus eminens C.B.Clarke,Acanthus eminens,Plantae,,,,1972-09-02,"South Africa, Africa",,,
Preferred_nectar,gbif,Acanthaceae,Acanthus eminens,5573961,,Acanthus eminens C.B.Clarke,Acanthus eminens,Plantae,6.919233,40.1716,,2009-12-17,"Ethiopia, Africa",Ethiopia,Eastern Africa,Africa
Preferred_nectar,gbif,Acanthaceae,Acanthus eminens,5573961,,Acanthus eminens C.B.Clarke,Acanthus eminens,Plantae,7.67,36.87,,1961-12-19,"Ethiopia, Africa",Ethiopia,Eastern Africa,Africa
Preferred_nectar,gbif,Acanthaceae,Acanthus eminens,5573961,,Acanthus eminens C.B.Clarke,Acanthus eminens,Plantae,7.67,36.87,,1961-12-19,"Ethiopia, Africa",Ethiopia,Eastern Africa,Africa
Preferred_nectar,gbif,Acanthaceae,Acanthus eminens,5573961,,Acanthus eminens C.B.Clarke,Acanthus eminens,Plantae,0.37,33.8917,,1977-03-16,"Kenya, Africa",Uganda,Eastern Africa,Africa
Preferred_nectar,gbif,Acanthaceae,Acanthus eminens,5573961,,Acanthus eminens C.B.Clarke,Acanthus eminens,Plantae,-8.62583,35.61861,,1999-07-08,"Tanzania, United Republic of, Africa",United Republic of Tanzania,Eastern Africa,Africa
Preferred_nectar,gbif,Acanthaceae,Acanthus eminens,5573961,,Acanthus eminens C.B.Clarke,Acanthus eminens,Plantae,-0.66667,34.88333,,1974-12-10,"Kenya, Africa",Kenya,Eastern Africa,Africa
Preferred_nectar,gbif,Acanthaceae,Acanthus eminens,5573961,,Acanthus eminens C.B.Clarke,Acanthus eminens,Plantae,1.05,34.75,,1979-02-08,"Kenya, Africa",Kenya,Eastern Africa,Africa
Preferred_nectar,gbif,Acanthaceae,Acanthus eminens,5573961,,Acanthus eminens C.B.Clarke,Acanthus eminens,Plantae,-0.66667,34.88333,,1974-12-10,"Kenya, Africa",Kenya,Eastern Africa,Africa
Preferred_nectar,gbif,Acanthaceae,Acanthus eminens,5573961,,Acanthus eminens C.B.Clarke,Acanthus eminens,Plantae,,,,,"Kenya, Africa",,,
Preferred_nectar,gbif,Acanthaceae,Acanthus eminens,5573961,,Acanthus eminens C.B.Clarke,Acanthus eminens,Plantae,,,,,"Kenya, Africa",,,
Preferred_nectar,gbif,Acanthaceae,Acanthus eminens,5573961,,Acanthus eminens C.B.Clarke,Acanthus eminens,Plantae,,,,2011-11-17,"Kenya, Africa",,,
Preferred_nectar,gbif,Acanthaceae,Acanthus eminens,5573961,,Acanthus eminens C.B.Clarke,Acanthus eminens,Plantae,7.2667,36.25,,1974-12-10,"Ethiopia, Africa",Ethiopia,Eastern Africa,Africa
Preferred_nectar,gbif,Acanthaceae,Acanthus eminens,5573961,,Acanthus eminens C.B.Clarke,Acanthus eminens,Plantae,7.2667,36.25,,1974-12-10,"Ethiopia, Africa",Ethiopia,Eastern Africa,Africa
Preferred_nectar,gbif,Acanthaceae,Acanthus eminens,5573961,,Acanthus eminens C.B.Clarke,Acanthus eminens,Plantae,,,,,,,,
Preferred_nectar,gbif,Acanthaceae,Acanthus eminens,5573961,,Acanthus eminens C.B.Clarke,Acanthus eminens,Plantae,,,,,,,,
Preferred_nectar,gbif,Acanthaceae,Acanthus eminens,5573961,,Acanthus eminens C.B.Clarke,Acanthus eminens,Plantae,,,,,,,,
Preferred_nectar,gbif,Acanthaceae,Acanthus eminens,5573961,,Acanthus eminens C.B.Clarke,Acanthus eminens,Plantae,9.08333,41.75,,1975-10-23,"Ethiopia, Africa",Ethiopia,Eastern Africa,Africa
Preferred_nectar,gbif,Acanthaceae,Acanthus eminens,5573961,,Acanthus eminens C.B.Clarke,Acanthus eminens,Plantae,,,,,,,,
Preferred_nectar,gbif,Acanthaceae,Acanthus eminens,5573961,,Acanthus eminens C.B.Clarke,Acanthus eminens,Plantae,,,,,,,,
Preferred_nectar,gbif,Acanthaceae,Acanthus eminens,5573961,,Acanthus eminens C.B.Clarke,Acanthus eminens,Plantae,,,,,,,,
Preferred_nectar,gbif,Acanthaceae,Acanthus eminens,5573961,,Acanthus eminens C.B.Clarke,Acanthus eminens,Plantae,,,,,,,,
Preferred_nectar,gbif,Acanthaceae,Acanthus eminens,5573961,,Acanthus eminens C.B.Clarke,Acanthus eminens,Plantae,,,,1967-10-26,"Ethiopia, Africa",,,
Preferred_nectar,gbif,Acanthaceae,Acanthus eminens,5573961,,Acanthus eminens C.B.Clarke,Acanthus eminens,Plantae,,,,1967-10-26,"Ethiopia, Africa",,,
Preferred_nectar,gbif,Acanthaceae,Acanthus eminens,5573961,,Acanthus eminens C.B.Clarke,Acanthus eminens,Plantae,,,,1959-12-28,"Kenya, Africa",,,
Preferred_nectar,gbif,Acanthaceae,Acanthus eminens,5573961,,Acanthus eminens C.B.Clarke,Acanthus eminens,Plantae,,,,1959-01-14,"Kenya, Africa",,,
Preferred_nectar,gbif,Acanthaceae,Acanthus eminens,5573961,,Acanthus eminens C.B.Clarke,Acanthus eminens,Plantae,,,,1956-12-01,"Kenya, Africa",,,
Preferred_nectar,gbif,Acanthaceae,Acanthus eminens,5573961,,Acanthus eminens C.B.Clarke,Acanthus eminens,Plantae,,,,1960-10-14,"Kenya, Africa",,,
Preferred_nectar,gbif,Acanthaceae,Acanthus eminens,5573961,,Acanthus eminens C.B.Clarke,Acanthus eminens,Plantae,,,,1898-01-01,"Kenya, Africa",,,
Preferred_nectar,gbif,Acanthaceae,Acanthus eminens,5573961,,Acanthus eminens C.B.Clarke,Acanthus eminens,Plantae,,,,1946-01-16,"Kenya, Africa",,,
Preferred_nectar,gbif,Acanthaceae,Acanthus eminens,5573961,,Acanthus eminens C.B.Clarke,Acanthus eminens,Plantae,,,,,"Kenya, Africa",,,
Preferred_nectar,gbif,Acanthaceae,Acanthus eminens,5573961,,Acanthus eminens C.B.Clarke,Acanthus eminens,Plantae,,,,1930-06-01,"Kenya, Africa",,,
Preferred_nectar,gbif,Acanthaceae,Acanthus eminens,5573961,,Acanthus eminens C.B.Clarke,Acanthus eminens,Plantae,,,,1931-12-01,"Kenya, Africa",,,
Preferred_nectar,gbif,Acanthaceae,Acanthus eminens,5573961,,Acanthus eminens C.B.Clarke,Acanthus eminens,Plantae,,,,1958-01-01,"Kenya, Africa",,,
Preferred_nectar,gbif,Acanthaceae,Acanthus eminens,5573961,,Acanthus eminens C.B.Clarke,Acanthus eminens,Plantae,,,,1979-05-07,"Kenya, Africa",,,
Preferred_nectar,gbif,Acanthaceae,Acanthus eminens,5573961,,Acanthus eminens C.B.Clarke,Acanthus eminens,Plantae,,,,1979-05-07,"Kenya, Africa",,,
Preferred_nectar,gbif,Acanthaceae,Acanthus eminens,5573961,,Acanthus eminens C.B.Clarke,Acanthus eminens,Plantae,9.08333,41.75,,1975-10-23,"Ethiopia, Africa",Ethiopia,Eastern Africa,Africa
Preferred_nectar,gbif,Acanthaceae,Acanthus eminens,5573961,,Acanthus eminens C.B.Clarke,Acanthus eminens,Plantae,9.25,41.7333,,1975-01-15,"Ethiopia, Africa",Ethiopia,Eastern Africa,Africa
Preferred_nectar,gbif,Acanthaceae,Acanthus eminens,5573961,,Acanthus eminens C.B.Clarke,Acanthus eminens,Plantae,7.26667,36.23333,,1965-12-19,"Ethiopia, Africa",Ethiopia,Eastern Africa,Africa
Preferred_nectar,gbif,Acanthaceae,Acanthus eminens,5573961,,Acanthus eminens C.B.Clarke,Acanthus eminens,Plantae,9.25,41.7,,1969-01-09,"Ethiopia, Africa",Ethiopia,Eastern Africa,Africa
Preferred_nectar,gbif,Acanthaceae,Acanthus eminens,5573961,,Acanthus eminens C.B.Clarke,Acanthus eminens,Plantae,6.03333,38.93333,,1969-12-19,"Ethiopia, Africa",Ethiopia,Eastern Africa,Africa
Preferred_nectar,gbif,Acanthaceae,Acanthus eminens,5573961,,Acanthus eminens C.B.Clarke,Acanthus eminens,Plantae,9.25,41.7,,1969-01-09,"Ethiopia, Africa",Ethiopia,Eastern Africa,Africa
Preferred_nectar,gbif,Acanthaceae,Acanthus eminens,5573961,,Acanthus eminens C.B.Clarke,Acanthus eminens,Plantae,7.26667,36.23333,,1965-12-19,"Ethiopia, Africa",Ethiopia,Eastern Africa,Africa
Preferred_nectar,gbif,Acanthaceae,Acanthus eminens,5573961,,Acanthus eminens C.B.Clarke,Acanthus eminens,Plantae,,,,,"Kenya, Africa",,,
Preferred_nectar,gbif,Acanthaceae,Acanthus eminens,5573961,,Acanthus eminens C.B.Clarke,Acanthus eminens,Plantae,6.03333,38.93333,,1969-12-19,"Ethiopia, Africa",Ethiopia,Eastern Africa,Africa
Preferred_nectar,gbif,Acanthaceae,Acanthus eminens,5573961,,Acanthus eminens C.B.Clarke,Acanthus eminens,Plantae,9.25,41.7333,,1975-01-15,"Ethiopia, Africa",Ethiopia,Eastern Africa,Africa
Preferred_nectar,gbif,Acanthaceae,Acanthus eminens,5573961,,Acanthus eminens C.B.Clarke,Acanthus eminens,Plantae,9.25,41.73333,,1966-02-03,"Ethiopia, Africa",Ethiopia,Eastern Africa,Africa
Preferred_nectar,gbif,Acanthaceae,Acanthus eminens,5573961,,Acanthus eminens C.B.Clarke,Acanthus eminens,Plantae,9.25,41.73333,,1966-02-03,"Ethiopia, Africa",Ethiopia,Eastern Africa,Africa
Preferred_nectar,gbif,Acanthaceae,Acanthus eminens,5573961,,Acanthus eminens C.B.Clarke,Acanthus eminens,Plantae,,,,1961-05-20,"Kenya, Africa",,,
Preferred_nectar,gbif,Acanthaceae,Acanthus eminens,5573961,,Acanthus eminens C.B.Clarke,Acanthus eminens,Plantae,,,,1922-02-22,"Kenya, Africa",,,
Preferred_nectar,gbif,Acanthaceae,Acanthus eminens,5573961,,Acanthus eminens C.B.Clarke,Acanthus eminens,Plantae,,,,1961-10-01,"Kenya, Africa",,,
Preferred_nectar,gbif,Acanthaceae,Acanthus eminens,5573961,,Acanthus eminens C.B.Clarke,Acanthus eminens,Plantae,,,,1959-01-14,"Kenya, Africa",,,
Preferred_nectar,gbif,Acanthaceae,Acanthus eminens,5573961,,Acanthus eminens C.B.Clarke,Acanthus eminens,Plantae,,,,1893-01-01,"Kenya, Africa",,,
Preferred_nectar,gbif,Acanthaceae,Acanthus eminens,5573961,,Acanthus eminens C.B.Clarke,Acanthus eminens,Plantae,,,,1918-11-01,"Kenya, Africa",,,
Preferred_nectar,gbif,Acanthaceae,Acanthus eminens,5573961,,Acanthus eminens C.B.Clarke,Acanthus eminens,Plantae,,,,1992-11-21,"Kenya, Africa",,,
Preferred_nectar,gbif,Acanthaceae,Acanthus eminens,5573961,,Acanthus eminens C.B.Clarke,Acanthus eminens,Plantae,,,,1946-01-10,"Kenya, Africa",,,
Preferred_nectar,gbif,Acanthaceae,Acanthus eminens,5573961,,Acanthus eminens C.B.Clarke,Acanthus eminens,Plantae,,,,1931-12-01,"Kenya, Africa",,,
Preferred_nectar,gbif,Acanthaceae,Acanthus eminens,5573961,,Acanthus eminens C.B.Clarke,Acanthus eminens,Plantae,,,,,"Ethiopia, Africa",,,
Preferred_nectar,gbif,Acanthaceae,Acanthus eminens,5573961,,Acanthus eminens C.B.Clarke,Acanthus eminens,Plantae,,,,,"Ethiopia, Africa",,,
Preferred_nectar,gbif,Acanthaceae,Acanthus eminens,5573961,,Acanthus eminens C.B.Clarke,Acanthus eminens,Plantae,,,,,"Kenya, Africa",,,
Preferred_nectar,gbif,Acanthaceae,Acanthus eminens,5573961,,Acanthus eminens C.B.Clarke,Acanthus eminens,Plantae,,,,,"Ethiopia, Africa",,,
Preferred_nectar,gbif,Acanthaceae,Acanthus eminens,5573961,,Acanthus eminens C.B.Clarke,Acanthus eminens,Plantae,,,,,"Ethiopia, Africa",,,
Preferred_nectar,gbif,Acanthaceae,Acanthus eminens,5573961,,Acanthus eminens C.B.Clarke,Acanthus eminens,Plantae,,,,,"Ethiopia, Africa",,,
Preferred_nectar,gbif,Acanthaceae,Acanthus eminens,5573961,,Acanthus eminens C.B.Clarke,Acanthus eminens,Plantae,7.26667,36.23333,,1965-12-19,"Ethiopia, Africa",Ethiopia,Eastern Africa,Africa
Preferred_nectar,gbif,Acanthaceae,Acanthus eminens,5573961,,Acanthus eminens C.B.Clarke,Acanthus eminens,Plantae,6.78,39.79,,1995-02-05,"Ethiopia, Africa",Ethiopia,Eastern Africa,Africa
Preferred_nectar,gbif,Acanthaceae,Acanthus eminens,5573961,,Acanthus eminens C.B.Clarke,Acanthus eminens,Plantae,,,,,"Ethiopia, Africa",,,
Preferred_nectar,gbif,Acanthaceae,Acanthus eminens,5573961,,Acanthus eminens C.B.Clarke,Acanthus eminens,Plantae,5.95833,38.25833,,2011-11-16,"Ethiopia, Africa",Ethiopia,Eastern Africa,Africa
Preferred_nectar,gbif,Acanthaceae,Acanthus eminens,5573961,,Acanthus eminens C.B.Clarke,Acanthus eminens,Plantae,5.95833,38.25833,,2011-11-16,"Ethiopia, Africa",Ethiopia,Eastern Africa,Africa
Preferred_nectar,gbif,Acanthaceae,Acanthus eminens,5573961,,Acanthus eminens C.B.Clarke,Acanthus eminens,Plantae,7.25,36.25,,1970-11-17,"Ethiopia, Africa",Ethiopia,Eastern Africa,Africa
Preferred_nectar,gbif,Acanthaceae,Acanthus eminens,5573961,,Acanthus eminens C.B.Clarke,Acanthus eminens,Plantae,,,,1979-02-08,"Kenya, Africa",,,
Preferred_nectar,gbif,Acanthaceae,Acanthus eminens,5573961,,Acanthus eminens C.B.Clarke,Acanthus eminens,Plantae,,,,1938-12-11,"Uganda, Africa",,,
Preferred_nectar,gbif,Acanthaceae,Acanthus eminens,5573961,,Acanthus eminens C.B.Clarke,Acanthus eminens,Plantae,,,,1967-11-12,"Kenya, Africa",,,
Preferred_nectar,gbif,Acanthaceae,Acanthus eminens,5573961,,Acanthus eminens C.B.Clarke,Acanthus eminens,Plantae,6.98333,35.35,,2000-01-21,"Ethiopia, Africa",Ethiopia,Eastern Africa,Africa
Preferred_nectar,gbif,Acanthaceae,Acanthus eminens,5573961,,Acanthus eminens C.B.Clarke,Acanthus eminens,Plantae,,,,1979-05-07,"Kenya, Africa",,,
Preferred_nectar,gbif,Acanthaceae,Acanthus eminens,3173198,,Acanthus L.,,Plantae,0.37,35.28,,1987-01-26,"Kenya, Africa",Kenya,Eastern Africa,Africa
Preferred_nectar,gbif,Acanthaceae,Acanthus eminens,8116963,,Acanthus hungaricus (Borbás) Baen.,Acanthus hungaricus,Plantae,55.657189,11.428599,,2022-07-05,"Denmark, Europe",Denmark,Northern Europe,Europe
Preferred_nectar,gbif,Acanthaceae,Acanthus eminens,5415455,,Acanthus mollis L.,Acanthus mollis,Plantae,55.55072,12.91264,,2022-07-11T11:05/2022-07-11T11:10,"Sweden, Europe",,,
Preferred_nectar,gbif,Acanthaceae,Acanthus eminens,5415455,,Acanthus mollis L.,Acanthus mollis,Plantae,55.55072,12.91264,,2022-07-18T10:28/2022-07-18T11:25,"Sweden, Europe",,,
Preferred_nectar,gbif,Acanthaceae,Acanthus eminens,5415455,,Acanthus mollis L.,Acanthus mollis,Plantae,56.18698,14.34294,,2023-07-03,"Sweden, Europe",Sweden,Northern Europe,Europe
Preferred_nectar,gbif,Acanthaceae,Acanthus eminens,5415455,,Acanthus mollis L.,Acanthus mollis,Plantae,55.55068,12.91246,,2020-09-23,"Sweden, Europe",,,
Preferred_nectar,gbif,Acanthaceae,Acanthus eminens,7237638,,"Septoria E.M.Fries, 1819",,Fungi,,,,1961-01-01,"Ethiopia, Africa",,,
Preferred_nectar,gbif,Acanthaceae,Acanthus eminens,5415455,,Acanthus mollis L.,Acanthus mollis,Plantae,55.55079,12.91229,,2020-08-23,"Sweden, Europe",,,
Preferred_nectar,gbif,Acanthaceae,Acanthus eminens,5415455,,Acanthus mollis L.,Acanthus mollis,Plantae,55.55072,12.91242,,2020-09-03,"Sweden, Europe",,,
Preferred_nectar,gbif,Acanthaceae,Acanthus eminens,5415455,,Acanthus mollis L.,Acanthus mollis,Plantae,55.55074,12.91246,,2020-08-01,"Sweden, Europe",,,
Preferred_nectar,gbif,Acanthaceae,Acanthus eminens,7237638,,"Septoria E.M.Fries, 1819",,Fungi,,,,1961-01-01,"Ethiopia, Africa",,,
Preferred_nectar,gbif,Acanthaceae,Acanthus eminens,5415455,,Acanthus mollis L.,Acanthus mollis,Plantae,55.55073,12.91241,,2020-09-12,"Sweden, Europe",,,
Preferred_nectar,gbif,Acanthaceae,Acanthus eminens,5415455,,Acanthus mollis L.,Acanthus mollis,Plantae,55.55081,12.91272,,2022-06-16T13:00/2022-06-16T13:25,"Sweden, Europe",,,
Preferred_nectar,gbif,Acanthaceae,Acanthus eminens,5415455,,Acanthus mollis L.,Acanthus mollis,Plantae,55.55072,12.91264,,2022-06-30T14:55/2022-06-30T15:05,"Sweden, Europe",,,
Preferred_nectar,gbif,Acanthaceae,Acanthus eminens,3173198,,Acanthus L.,,Plantae,57.06462,15.5827,,1988-01-01/1988-12-31,"Sweden, Europe",Sweden,Northern Europe,Europe
Preferred_nectar,gbif,Acanthaceae,Acanthus eminens,5415455,,Acanthus mollis L.,Acanthus mollis,Plantae,58.39744,15.49513,,2023-08-11,"Sweden, Europe",Sweden,Northern Europe,Europe
Preferred_nectar,gbif,Acanthaceae,Acanthus eminens,5415455,,Acanthus mollis L.,Acanthus mollis,Plantae,55.55072,12.91264,,2022-08-02T15:00/2022-08-02T15:55,"Sweden, Europe",,,
Preferred_nectar,gbif,Acanthaceae,Acanthus eminens,5415455,,Acanthus mollis L.,Acanthus mollis,Plantae,55.55072,12.91264,,2022-07-22T13:20/2022-07-22T13:35,"Sweden, Europe",,,
Preferred_nectar,gbif,Acanthaceae,Acanthus eminens,5415455,,Acanthus mollis L.,Acanthus mollis,Plantae,55.55074,12.91246,,2020-08-07,"Sweden, Europe",,,
Preferred_nectar,gbif,Acanthaceae,Acanthus eminens,5415455,,Acanthus mollis L.,Acanthus mollis,Plantae,55.55074,12.91249,,2020-08-01T11:45/2020-08-01T12:30,"Sweden, Europe",,,
Preferred_nectar,gbif,Acanthaceae,Acanthus eminens,5415455,,Acanthus mollis L.,Acanthus mollis,Plantae,55.55073,12.91247,,2020-08-02,"Sweden, Europe",,,
Preferred_nectar,gbif,Acanthaceae,Acanthus eminens,3021135,,Prunus ×eminens Beck,Prunus eminens,Plantae,47.834824,16.796036,,2012-08-19,"Austria, Europe",Austria,Western Europe,Europe
Preferred_nectar,gbif,Acanthaceae,Acanthus eminens,5415455,,Acanthus mollis L.,Acanthus mollis,Plantae,55.55075,12.91264,,2022-05-28,"Sweden, Europe",,,
Preferred_nectar,gbif,Acanthaceae,Acanthus eminens,5415455,,Acanthus mollis L.,Acanthus mollis,Plantae,55.5507,12.91237,,2020-07-31,"Sweden, Europe",,,
Preferred_nectar,gbif,Acanthaceae,Acanthus eminens,5415455,,Acanthus mollis L.,Acanthus mollis,Plantae,55.55073,12.9124,,2020-09-18T16:02/2020-09-18T16:12,"Sweden, Europe",,,
Preferred_nectar,gbif,Acanthaceae,Acanthus eminens,5415455,,Acanthus mollis L.,Acanthus mollis,Plantae,58.39754,15.49498,,2021-11-08,"Sweden, Europe",Sweden,Northern Europe,Europe
Preferred_nectar,gbif,Acanthaceae,Acanthus eminens,5415455,,Acanthus mollis L.,Acanthus mollis,Plantae,55.55074,12.91267,,2022-05-28,"Sweden, Europe",,,
Preferred_nectar,gbif,Acanthaceae,Acanthus eminens,5415455,,Acanthus mollis L.,Acanthus mollis,Plantae,55.55071,12.91246,,2020-08-06,"Sweden, Europe",,,
Preferred_nectar,gbif,Acanthaceae,Acanthus eminens,5415455,,Acanthus mollis L.,Acanthus mollis,Plantae,48.95505,2.31397,,2015-06-18,"France, Europe",France,Western Europe,Europe
Preferred_nectar,gbif,Acanthaceae,Acanthus eminens,5415455,,Acanthus mollis L.,Acanthus mollis,Plantae,55.55066,12.91239,,2020-09-02,"Sweden, Europe",,,
Preferred_nectar,gbif,Acanthaceae,Acanthus eminens,5415455,,Acanthus mollis L.,Acanthus mollis,Plantae,55.55072,12.91264,,2022-06-24T10:40/2022-06-24T10:50,"Sweden, Europe",,,
Preferred_nectar,gbif,Acanthaceae,Acanthus eminens,5415455,,Acanthus mollis L.,Acanthus mollis,Plantae,55.55074,12.91268,,2022-05-20,"Sweden, Europe",,,
Preferred_nectar,gbif,Acanthaceae,Acanthus eminens,3021135,,Prunus ×eminens Beck,Prunus eminens,Plantae,48.06139,16.295279,,1935-05-05,"Austria, Europe",Austria,Western Europe,Europe
Preferred_nectar,gbif,Acanthaceae,Acanthus eminens,5415455,,Acanthus mollis L.,Acanthus mollis,Plantae,55.55073,12.91244,,2020-08-08,"Sweden, Europe",,,
Preferred_nectar,gbif,Acanthaceae,Acanthus eminens,5663797,,Viola eminens K.R.Thiele & Prober,Viola eminens,Plantae,-34.414642,150.809691,1e-09,2022-07-01,"Australia, Oceania",Australia,Australia and New Zealand,Oceania
Preferred_nectar,gbif,Acanthaceae,Acanthus eminens,5415455,,Acanthus mollis L.,Acanthus mollis,Plantae,47.15955,2.71564,,2001-09-02,"France, Europe",France,Western Europe,Europe
Preferred_nectar,gbif,Acanthaceae,Acanthus eminens,5415455,,Acanthus mollis L.,Acanthus mollis,Plantae,55.55076,12.91264,,2022-05-28,"Sweden, Europe",,,
Preferred_nectar,gbif,Acanthaceae,Acanthus eminens,5415455,,Acanthus mollis L.,Acanthus mollis,Plantae,55.68814,14.22336,,2024-08-22,"Sweden, Europe",Sweden,Northern Europe,Europe
Preferred_nectar,gbif,Acanthaceae,Acanthus eminens,5415455,,Acanthus mollis L.,Acanthus mollis,Plantae,55.55074,12.91246,,2020-08-13,"Sweden, Europe",,,
Preferred_nectar,gbif,Acanthaceae,Acanthus eminens,5415455,,Acanthus mollis L.,Acanthus mollis,Plantae,48.95505,2.31397,,2015-06-18,"France, Europe",France,Western Europe,Europe
Preferred_nectar,gbif,Acanthaceae,Acanthus eminens,5415453,,Acanthus spinosus L.,Acanthus spinosus,Plantae,48.35468,2.81973,,2010-01-01/2010-12-31,"France, Europe",France,Western Europe,Europe
Preferred_nectar,gbif,Acanthaceae,Acanthus eminens,5415455,,Acanthus mollis L.,Acanthus mollis,Plantae,47.14659,4.93854,,1972-01-01/1972-12-31,"France, Europe",France,Western Europe,Europe
Preferred_nectar,gbif,Acanthaceae,Acanthus eminens,5415455,,Acanthus mollis L.,Acanthus mollis,Plantae,46.39883,6.58046,,1991-06-21,"France, Europe",France,Western Europe,Europe
Preferred_nectar,gbif,Acanthaceae,Acanthus eminens,5415455,,Acanthus mollis L.,Acanthus mollis,Plantae,42.89324,9.40959,,2019-04-30,"France, Europe",France,Western Europe,Europe
Preferred_nectar,gbif,Acanthaceae,Acanthus eminens,5663797,,Viola eminens K.R.Thiele & Prober,Viola eminens,Plantae,-34.415204,150.825223,1e-09,2022-06-02,"Australia, Oceania",Australia,Australia and New Zealand,Oceania
Preferred_nectar,gbif,Acanthaceae,Acanthus eminens,5415455,,Acanthus mollis L.,Acanthus mollis,Plantae,47.14659,4.93854,,1972-01-01/1972-12-31,"France, Europe",France,Western Europe,Europe
Preferred_nectar,gbif,Acanthaceae,Acanthus eminens,5415455,,Acanthus mollis L.,Acanthus mollis,Plantae,47.1378,4.9494,,1972-01-01,"France, Europe",France,Western Europe,Europe
Preferred_nectar,gbif,Acanthaceae,Acanthus eminens,5415455,,Acanthus mollis L.,Acanthus mollis,Plantae,47.1378,4.9494,,1972-01-01,"France, Europe",France,Western Europe,Europe
Preferred_nectar,gbif,Acanthaceae,Acanthus eminens,5415455,,Acanthus mollis L.,Acanthus mollis,Plantae,45.38384,4.73514,,1999-06-23,"France, Europe",France,Western Europe,Europe
Preferred_nectar,gbif,Acanthaceae,Acanthus eminens,9329780,,"Amicactenus eminens (Arts, 1912)",Amicactenus eminens,Animalia,7.616667,-8.416667,,,"Côte d’Ivoire, Africa",Guinea,Western Africa,Africa
Preferred_nectar,gbif,Acanthaceae,Acanthus eminens,10303574,,BOLD:ABW2310,Endothenia ator,Animalia,,,,2001-02-19,,,,
Preferred_nectar,gbif,Acanthaceae,Acanthus eminens,10303574,,BOLD:ABW2310,Endothenia ator,Animalia,,,,2001-02-19,,,,
Preferred_nectar,gbif,Acanthaceae,Acanthus eminens,5415455,,Acanthus mollis L.,Acanthus mollis,Plantae,48.0,7.85,,1888-06-30,"Germany, Europe",Germany,Western Europe,Europe
Preferred_nectar,gbif,Acanthaceae,Acanthus eminens,5663797,,Viola eminens K.R.Thiele & Prober,Viola eminens,Plantae,-36.7065,149.435116,1e-09,1998-11-29,"Australia, Oceania",Australia,Australia and New Zealand,Oceania
Preferred_nectar,gbif,Acanthaceae,Acanthus eminens,5170160,,"Ctenus eminens Arts, 1912",Amicactenus eminens,Animalia,7.539989,-5.54708,,,"Côte d’Ivoire, Africa",Côte d'Ivoire,Western Africa,Africa
Preferred_nectar,gbif,Acanthaceae,Acanthus eminens,8491191,,Entoloma eminens Kokkonen,Entoloma eminens,Fungi,63.31861,30.02639,,2014-08-28,"Finland, Europe",Finland,Northern Europe,Europe
Preferred_nectar,gbif,Acanthaceae,Acanthus eminens,5415455,,Acanthus mollis L.,Acanthus mollis,Plantae,54.963904,-3.953936,,1987-01-01,"United Kingdom of Great Britain and Northern Ireland, Europe",U.K. of Great Britain and Northern Ireland,Northern Europe,Europe
Preferred_nectar,gbif,Acanthaceae,Acanthus eminens,5415455,,Acanthus mollis L.,Acanthus mollis,Plantae,48.3444,0.13436,,2008-06-04,"France, Europe",France,Western Europe,Europe
Preferred_nectar,gbif,Acanthaceae,Acanthus eminens,3173198,,Acanthus L.,,Plantae,47.14715,-1.73707,,2022-07-05,"France, Europe",France,Western Europe,Europe
Preferred_nectar,gbif,Acanthaceae,Acanthus eminens,10303574,,BOLD:ABW2310,Endothenia ator,Animalia,,,,2001-03-01,,,,
Preferred_nectar,gbif,Acanthaceae,Acanthus eminens,5415455,,Acanthus mollis L.,Acanthus mollis,Plantae,56.032736,-4.48916,,1991-06-01,"United Kingdom of Great Britain and Northern Ireland, Europe",U.K. of Great Britain and Northern Ireland,Northern Europe,Europe
Preferred_nectar,gbif,Acanthaceae,Acanthus eminens,10303574,,BOLD:ABW2310,Endothenia ator,Animalia,,,,2001-02-19,,,,
Preferred_nectar,gbif,Acanthaceae,Acanthus eminens,5663797,,Viola eminens K.R.Thiele & Prober,Viola eminens,Plantae,-30.329258,153.026985,1e-09,2015-11-06,"Australia, Oceania",Australia,Australia and New Zealand,Oceania
Preferred_nectar,gbif,Acanthaceae,Acanthus eminens,3873117,,Euadenia eminens Hook.fil.,Euadenia eminens,Plantae,,,,,,,,
Preferred_nectar,gbif,Acanthaceae,Acanthus eminens,5415455,,Acanthus mollis L.,Acanthus mollis,Plantae,,,,1600,"Italy, Europe",,,
Preferred_nectar,gbif,Acanthaceae,Acanthus eminens,5415453,,Acanthus spinosus L.,Acanthus spinosus,Plantae,,,,1600,"Germany, Europe",,,
Preferred_nectar,gbif,Acanthaceae,Acanthus eminens,5415453,,Acanthus spinosus L.,Acanthus spinosus,Plantae,,,,,,,,
Preferred_nectar,gbif,Acanthaceae,Acanthus eminens,5415455,,Acanthus mollis L.,Acanthus mollis,Plantae,45.97605,-1.32386,,2014-05-15,"France, Europe",France,Western Europe,Europe
Preferred_nectar,gbif,Acanthaceae,Acanthus eminens,5415453,,Acanthus spinosus L.,Acanthus spinosus,Plantae,,,,,,,,
Preferred_nectar,gbif,Acanthaceae,Acanthus eminens,5663797,,Viola eminens K.R.Thiele & Prober,Viola eminens,Plantae,-33.053365,150.380572,1e-09,2010-06-24,"Australia, Oceania",Australia,Australia and New Zealand,Oceania
Preferred_nectar,gbif,Acanthaceae,Acanthus eminens,5663797,,Viola eminens K.R.Thiele & Prober,Viola eminens,Plantae,-33.448018,151.397808,1e-09,2013-12-18,"Australia, Oceania",Australia,Australia and New Zealand,Oceania
Preferred_nectar,gbif,Acanthaceae,Acanthus eminens,5573844,,Acanthus longifolius Host,Acanthus hungaricus,Plantae,,,,1999-09-28,,,,
Preferred_nectar,gbif,Acanthaceae,Acanthus eminens,5415455,,Acanthus mollis L.,Acanthus mollis,Plantae,45.98346,-1.29438,,2014-05-15,"France, Europe",France,Western Europe,Europe
Preferred_nectar,gbif,Acanthaceae,Acanthus eminens,5574054,,Acanthus arboreus Forssk.,Acanthus arboreus,Plantae,,,,,,,,
Preferred_nectar,gbif,Acanthaceae,Acanthus eminens,3525933,,Thyridaria eminens Rehm,Thyridaria eminens,Fungi,,,,1914-03-16,"Philippines, Asia",,,
Preferred_nectar,gbif,Acanthaceae,Acanthus eminens,5415455,,Acanthus mollis L.,Acanthus mollis,Plantae,,,,,,,,
Preferred_nectar,gbif,Acanthaceae,Acanthus eminens,3149837,,Podachaenium eminens (Lag.) Sch.Bip. ex Baill.,Podachaenium eminens,Plantae,,,,,,,,
Preferred_nectar,gbif,Acanthaceae,Acanthus eminens,5415455,,Acanthus mollis L.,Acanthus mollis,Plantae,49.3806,-1.76986,,2002-06-07,"France, Europe",France,Western Europe,Europe
Preferred_nectar,gbif,Acanthaceae,Acanthus eminens,2777269,,Aloe eminens Reynolds & P.R.O.Bally,Aloidendron eminens,Plantae,,,,,,,,
Preferred_nectar,gbif,Acanthaceae,Acanthus eminens,6359819,,Acanthus ilicifolius L.,Acanthus ilicifolius,Plantae,,,,,"Sri Lanka, Asia",,,
Preferred_nectar,gbif,Acanthaceae,Acanthus eminens,5415455,,Acanthus mollis L.,Acanthus mollis,Plantae,47.15955,2.71564,,2001-09-02,"France, Europe",France,Western Europe,Europe
Preferred_nectar,gbif,Acanthaceae,Acanthus eminens,5415455,,Acanthus mollis L.,Acanthus mollis,Plantae,48.36027,0.17349,,2008-06-04,"France, Europe",France,Western Europe,Europe
Preferred_nectar,gbif,Acanthaceae,Acanthus eminens,5663797,,Viola eminens K.R.Thiele & Prober,Viola eminens,Plantae,-33.429393,150.353556,1e-09,2012-03-28,"Australia, Oceania",Australia,Australia and New Zealand,Oceania
Preferred_nectar,gbif,Acanthaceae,Acanthus eminens,5415455,,Acanthus mollis L.,Acanthus mollis,Plantae,39.845312,16.262838,,2020-08-11,"Italy, Europe",Italy,Southern Europe,Europe
Preferred_nectar,gbif,Acanthaceae,Acanthus eminens,5415455,,Acanthus mollis L.,Acanthus mollis,Plantae,43.838496,10.362184,,2021-11-07,"Italy, Europe",Italy,Southern Europe,Europe
Preferred_nectar,gbif,Acanthaceae,Acanthus eminens,5415455,,Acanthus mollis L.,Acanthus mollis,Plantae,45.040857,7.993356,,2002-01-01,"Italy, Europe",Italy,Southern Europe,Europe
Preferred_nectar,gbif,Acanthaceae,Acanthus eminens,5415455,,Acanthus mollis L.,Acanthus mollis,Plantae,44.739195,8.033971,,2005-01-01,"Italy, Europe",Italy,Southern Europe,Europe
Preferred_nectar,gbif,Acanthaceae,Acanthus eminens,2704271,,Poa eminens J.Presl,Arctopoa eminens,Plantae,43.001948,144.253138,,1963-06-28,"Japan, Asia",Japan,Eastern Asia,Asia
Preferred_nectar,gbif,Acanthaceae,Acanthus eminens,2704271,,Poa eminens J.Presl,Arctopoa eminens,Plantae,42.97016,144.40034,,1984-06-16,"Japan, Asia",Japan,Eastern Asia,Asia
Preferred_nectar,gbif,Acanthaceae,Acanthus eminens,2704271,,Poa eminens J.Presl,Arctopoa eminens,Plantae,42.97016,144.40034,,1984-06-16,"Japan, Asia",Japan,Eastern Asia,Asia
Preferred_nectar,gbif,Acanthaceae,Acanthus eminens,1519540,,"Molophilus acanthus Alexander, 1923",Molophilus acanthus,Animalia,,,,,,,,
Preferred_nectar,gbif,Acanthaceae,Acanthus eminens,2873088,,Anthurium eminens Schott,Anthurium eminens,Plantae,4.99924,-52.63056,,2012-01-01,"French Guiana, South_America",French Guiana,South America,Americas
Preferred_nectar,gbif,Acanthaceae,Acanthus eminens,9329780,,"Amicactenus eminens (Arts, 1912)",Amicactenus eminens,Animalia,6.450556,-3.490833,,,"Côte d’Ivoire, Africa",Côte d'Ivoire,Western Africa,Africa
Preferred_nectar,gbif,Acanthaceae,Acanthus eminens,2704271,,Poa eminens J.Presl,Arctopoa eminens,Plantae,43.275833,145.4625,,2003-07-23,"Japan, Asia",,,
Preferred_nectar,gbif,Acanthaceae,Acanthus eminens,2704271,,Poa eminens J.Presl,Arctopoa eminens,Plantae,43.33038,145.5827,,1997-08-08,"Japan, Asia",,,
Preferred_nectar,gbif,Acanthaceae,Acanthus eminens,5415455,,Acanthus mollis L.,Acanthus mollis,Plantae,47.14659,4.93854,,1972-01-01/1972-12-31,"France, Europe",France,Western Europe,Europe
Preferred_nectar,gbif,Acanthaceae,Acanthus eminens,3021135,,Prunus ×eminens Beck,Prunus eminens,Plantae,48.31,16.42,,2021-05-04,"Austria, Europe",Austria,Western Europe,Europe
Preferred_nectar,gbif,Acanthaceae,Acanthus eminens,5415455,,Acanthus mollis L.,Acanthus mollis,Plantae,43.474448,13.539199,,1998-06-17,"Italy, Europe",Italy,Southern Europe,Europe
Preferred_nectar,gbif,Acanthaceae,Acanthus eminens,2704271,,Poa eminens J.Presl,Arctopoa eminens,Plantae,43.003298,144.266395,,1987-07-20,"Japan, Asia",Japan,Eastern Asia,Asia
Preferred_nectar,gbif,Acanthaceae,Acanthus eminens,2704271,,Poa eminens J.Presl,Arctopoa eminens,Plantae,43.003298,144.266395,,1987-07-20,"Japan, Asia",Japan,Eastern Asia,Asia
Preferred_nectar,gbif,Acanthaceae,Acanthus eminens,3173198,,Acanthus L.,,Plantae,,,,,,,,
Preferred_nectar,gbif,Acanthaceae,Acanthus eminens,6983312,,"Athous acanthus (Say, 1839)",Athous acanthus,Animalia,38.73283,-86.4736,1e-05,1908-06-05,"United States of America, North_America",United States of America,Northern America,Americas
Preferred_nectar,gbif,Acanthaceae,Acanthus eminens,2704271,,Poa eminens J.Presl,Arctopoa eminens,Plantae,41.924585,143.248999,,1974-07-09,"Japan, Asia",,,
Preferred_nectar,gbif,Acanthaceae,Acanthus eminens,2704271,,Poa eminens J.Presl,Arctopoa eminens,Plantae,,,,1981-07-04,,,,
Preferred_nectar,gbif,Acanthaceae,Acanthus eminens,2704271,,Poa eminens J.Presl,Arctopoa eminens,Plantae,42.964771,144.081081,,1959-07-04,"Japan, Asia",Japan,Eastern Asia,Asia
Preferred_nectar,gbif,Acanthaceae,Acanthus eminens,5574028,,Acanthus carduaceus Griff.,Acanthus carduaceus,Plantae,27.560045,89.906593,,2015-01-09,"Bhutan, Asia",Bhutan,Southern Asia,Asia
Preferred_nectar,gbif,Acanthaceae,Acanthus eminens,5415455,,Acanthus mollis L.,Acanthus mollis,Plantae,44.044355,10.123051,,2022-03-14,"Italy, Europe",Italy,Southern Europe,Europe
Preferred_nectar,gbif,Acanthaceae,Acanthus eminens,5415455,,Acanthus mollis L.,Acanthus mollis,Plantae,43.971751,10.235319,,2021-11-20,"Italy, Europe",Italy,Southern Europe,Europe
Preferred_nectar,gbif,Acanthaceae,Acanthus eminens,5415453,,Acanthus spinosus L.,Acanthus spinosus,Plantae,39.37787,17.04018,,2019-10-13,"Italy, Europe",Italy,Southern Europe,Europe
Preferred_nectar,gbif,Acanthaceae,Acanthus eminens,5415455,,Acanthus mollis L.,Acanthus mollis,Plantae,44.747663,7.897807,,2004-01-01,"Italy, Europe",Italy,Southern Europe,Europe
Preferred_nectar,gbif,Acanthaceae,Acanthus eminens,5415455,,Acanthus mollis L.,Acanthus mollis,Plantae,45.735548,9.400043,,2020-02-22,"Italy, Europe",Italy,Southern Europe,Europe
Preferred_nectar,gbif,Acanthaceae,Acanthus eminens,5415455,,Acanthus mollis L.,Acanthus mollis,Plantae,43.584146,10.352909,,2022-02-12,"Italy, Europe",Italy,Southern Europe,Europe
Preferred_nectar,gbif,Acanthaceae,Acanthus eminens,5573742,,Acanthus ueleensis De Wild.,Acanthus ueleensis,Plantae,,,,1984-08-17,"Tanzania, United Republic of, Africa",,,
Preferred_nectar,gbif,Acanthaceae,Acanthus eminens,1316898,,"Axinidris bidens Shattuck, 1991",Axinidris bidens,Animalia,0.24,34.87,1e-05,2003-04-30,"Kenya, Africa",Kenya,Eastern Africa,Africa
Preferred_nectar,gbif,Acanthaceae,Acanthus eminens,5573856,,Acanthus latisepalus C.B.Clarke,Acanthus latisepalus,Plantae,0.38691,10.24465,,2020-11-24,"Gabon, Africa",Gabon,Middle Africa,Africa
Preferred_nectar,gbif,Acanthaceae,Acanthus eminens,5170160,,"Ctenus eminens Arts, 1912",Amicactenus eminens,Animalia,6.583333,-3.466667,,1994-11-01,"Côte d’Ivoire, Africa",Côte d'Ivoire,Western Africa,Africa
Preferred_nectar,gbif,Acanthaceae,Acanthus eminens,10148542,,"Bathyphlebia eminens Dognin, 1891",Bathyphlebia eminens,Animalia,-1.4,-78.3,,1990-09-15,"Ecuador, South_America",Ecuador,South America,Americas
Preferred_nectar,gbif,Acanthaceae,Acanthus eminens,5415455,,Acanthus mollis L.,Acanthus mollis,Plantae,54.941576,-3.945046,,1995-01-01,"United Kingdom of Great Britain and Northern Ireland, Europe",U.K. of Great Britain and Northern Ireland,Northern Europe,Europe
Preferred_nectar,gbif,Acanthaceae,Acanthus eminens,5415455,,Acanthus mollis L.,Acanthus mollis,Plantae,56.057547,-4.370288,,1991-06-01,"United Kingdom of Great Britain and Northern Ireland, Europe",U.K. of Great Britain and Northern Ireland,Northern Europe,Europe
Preferred_nectar,gbif,Acanthaceae,Acanthus eminens,5415455,,Acanthus mollis L.,Acanthus mollis,Plantae,54.941576,-3.945046,,1995-09-17,"United Kingdom of Great Britain and Northern Ireland, Europe",U.K. of Great Britain and Northern Ireland,Northern Europe,Europe
Preferred_nectar,gbif,Acanthaceae,Acanthus eminens,5415455,,Acanthus mollis L.,Acanthus mollis,Plantae,43.584243,10.444125,,2022-04-03,"Italy, Europe",Italy,Southern Europe,Europe
Preferred_nectar,gbif,Acanthaceae,Acanthus eminens,5415455,,Acanthus mollis L.,Acanthus mollis,Plantae,43.548097,11.308702,,2021-10-30,"Italy, Europe",Italy,Southern Europe,Europe
Preferred_nectar,gbif,Acanthaceae,Acanthus eminens,5415455,,Acanthus mollis L.,Acanthus mollis,Plantae,43.165808,13.725508,,2022-02-12,"Italy, Europe",Italy,Southern Europe,Europe
Preferred_nectar,gbif,Acanthaceae,Acanthus eminens,5415455,,Acanthus mollis L.,Acanthus mollis,Plantae,43.727212,10.702691,,2021-12-05,"Italy, Europe",Italy,Southern Europe,Europe
Preferred_nectar,gbif,Acanthaceae,Acanthus eminens,7263598,,Acanthus hirsutus Boiss.,Acanthus hirsutus,Plantae,,,,1855-07-07,"Türkiye, Asia",,,
Preferred_nectar,gbif,Acanthaceae,Acanthus eminens,2704271,,Poa eminens J.Presl,Arctopoa eminens,Plantae,,,,2002-08-14,,,,
Preferred_nectar,gbif,Acanthaceae,Acanthus eminens,5415455,,Acanthus mollis L.,Acanthus mollis,Plantae,47.86528,3.44458,,2013-04-25,"France, Europe",France,Western Europe,Europe
Preferred_nectar,gbif,Acanthaceae,Acanthus eminens,5415455,,Acanthus mollis L.,Acanthus mollis,Plantae,52.914402,-3.078941,,2020-06-23,"United Kingdom of Great Britain and Northern Ireland, Europe",U.K. of Great Britain and Northern Ireland,Northern Europe,Europe
Preferred_nectar,gbif,Acanthaceae,Acanthus eminens,5415455,,Acanthus mollis L.,Acanthus mollis,Plantae,52.454647,-2.3936,,2010-10-11,"United Kingdom of Great Britain and Northern Ireland, Europe",U.K. of Great Britain and Northern Ireland,Northern Europe,Europe
Preferred_nectar,gbif,Acanthaceae,Acanthus eminens,5573815,,Acanthus montanus (Nees) T.Anderson,Acanthus montanus,Plantae,0.591667,9.423333,,2011-04-04,"Gabon, Africa",Gabon,Middle Africa,Africa
Preferred_nectar,gbif,Acanthaceae,Acanthus eminens,3173198,,Acanthus L.,,Plantae,,,,,,,,
Preferred_nectar,gbif,Acanthaceae,Acanthus eminens,5573815,,Acanthus montanus (Nees) T.Anderson,Acanthus montanus,Plantae,0.591528,9.423306,,2011-04-04,"Gabon, Africa",Gabon,Middle Africa,Africa
Preferred_nectar,gbif,Acanthaceae,Acanthus eminens,5415455,,Acanthus mollis L.,Acanthus mollis,Plantae,56.090073,-6.189445,,2014-07-06,"United Kingdom of Great Britain and Northern Ireland, Europe",,,
Preferred_nectar,gbif,Acanthaceae,Acanthus eminens,5415453,,Acanthus spinosus L.,Acanthus spinosus,Plantae,54.876494,-3.793831,,1973-10-01,"United Kingdom of Great Britain and Northern Ireland, Europe",U.K. of Great Britain and Northern Ireland,Northern Europe,Europe
Preferred_nectar,gbif,Acanthaceae,Acanthus eminens,3149837,,Podachaenium eminens (Lag.) Sch.Bip. ex Baill.,Podachaenium eminens,Plantae,,,,,,,,
Preferred_nectar,gbif,Acanthaceae,Acanthus eminens,5415455,,Acanthus mollis L.,Acanthus mollis,Plantae,47.14659,4.93854,,1972-01-01/1972-12-31,"France, Europe",France,Western Europe,Europe
Preferred_nectar,gbif,Acanthaceae,Acanthus eminens,5574028,,Acanthus carduaceus Griff.,Acanthus carduaceus,Plantae,27.575703,90.737389,,2019-11-30,"Bhutan, Asia",Bhutan,Southern Asia,Asia
Preferred_nectar,gbif,Acanthaceae,Acanthus eminens,5415455,,Acanthus mollis L.,Acanthus mollis,Plantae,,,,1895-02-15,,,,
Preferred_nectar,gbif,Acanthaceae,Acanthus eminens,6359819,,Acanthus ilicifolius L.,Acanthus ilicifolius,Plantae,,,,1928-01-01,"China, Asia",,,
Preferred_nectar,gbif,Acanthaceae,Acanthus eminens,5415455,,Acanthus mollis L.,Acanthus mollis,Plantae,43.4,-3.25,,2015-06-13,"Spain, Europe",Spain,Southern Europe,Europe
Preferred_nectar,gbif,Acanthaceae,Acanthus eminens,2704271,,Poa eminens J.Presl,Arctopoa eminens,Plantae,,,,1909-08-29,,,,
Preferred_nectar,gbif,Acanthaceae,Acanthus eminens,3780725,,Aphelandra acanthus Nees,Aphelandra acanthus,Plantae,-0.73333,-77.83333,,,"Ecuador, South_America",Ecuador,South America,Americas
Preferred_nectar,gbif,Acanthaceae,Acanthus eminens,3021135,,Prunus ×eminens Beck,Prunus eminens,Plantae,48.261111,17.048889,,2004-06-12,"Slovakia, Europe",Slovakia,Eastern Europe,Europe
Preferred_nectar,gbif,Acanthaceae,Acanthus eminens,3780725,,Aphelandra acanthus Nees,Aphelandra acanthus,Plantae,-0.73333,-77.83333,,1974-03-05,"Ecuador, South_America",Ecuador,South America,Americas
Preferred_nectar,gbif,Acanthaceae,Acanthus eminens,5415455,,Acanthus mollis L.,Acanthus mollis,Plantae,43.25,-2.92,,2015-07-17,"Spain, Europe",Spain,Southern Europe,Europe
Preferred_nectar,gbif,Acanthaceae,Acanthus eminens,5415455,,Acanthus mollis L.,Acanthus mollis,Plantae,,,,,"France, Europe",,,
Preferred_nectar,gbif,Acanthaceae,Acanthus eminens,5415455,,Acanthus mollis L.,Acanthus mollis,Plantae,,,,,"France, Europe",,,
Preferred_nectar,gbif,Acanthaceae,Acanthus eminens,5415455,,Acanthus mollis L.,Acanthus mollis,Plantae,,,,,"France, Europe",,,
Preferred_nectar,gbif,Acanthaceae,Acanthus eminens,5415455,,Acanthus mollis L.,Acanthus mollis,Plantae,,,,,"France, Europe",,,
Preferred_nectar,gbif,Acanthaceae,Acanthus eminens,5415455,,Acanthus mollis L.,Acanthus mollis,Plantae,,,,,"France, Europe",,,
Preferred_nectar,gbif,Acanthaceae,Acanthus eminens,6359819,,Acanthus ilicifolius L.,Acanthus ilicifolius,Plantae,,,,2017-05-22,"Chinese Taipei, Asia",,,
Preferred_nectar,gbif,Acanthaceae,Acanthus eminens,5573815,,Acanthus montanus (Nees) T.Anderson,Acanthus montanus,Plantae,,,,1996-08-08,"Brazil, South_America",,,
Preferred_nectar,gbif,Acanthaceae,Acanthus eminens,5415455,,Acanthus mollis L.,Acanthus mollis,Plantae,,,,,"France, Europe",,,
Preferred_nectar,gbif,Acanthaceae,Acanthus eminens,5415455,,Acanthus mollis L.,Acanthus mollis,Plantae,,,,,"France, Europe",,,
Preferred_nectar,gbif,Acanthaceae,Acanthus eminens,5415455,,Acanthus mollis L.,Acanthus mollis,Plantae,,,,,"France, Europe",,,
Preferred_nectar,gbif,Acanthaceae,Acanthus eminens,5415455,,Acanthus mollis L.,Acanthus mollis,Plantae,,,,,,,,
Preferred_nectar,gbif,Acanthaceae,Acanthus eminens,7807808,,Acanthus dioscoridis subsp. longistylis Freyn,Acanthus dioscoridis,Plantae,,,,1888-07-02,,,,
Preferred_nectar,gbif,Acanthaceae,Acanthus eminens,5415455,,Acanthus mollis L.,Acanthus mollis,Plantae,,,,,"France, Europe",,,
Preferred_nectar,gbif,Acanthaceae,Acanthus eminens,5415455,,Acanthus mollis L.,Acanthus mollis,Plantae,,,,,"France, Europe",,,
Preferred_nectar,gbif,Acanthaceae,Acanthus eminens,5415455,,Acanthus mollis L.,Acanthus mollis,Plantae,,,,,"France, Europe",,,
Preferred_nectar,gbif,Acanthaceae,Acanthus eminens,5415455,,Acanthus mollis L.,Acanthus mollis,Plantae,,,,,"France, Europe",,,
Preferred_nectar,gbif,Acanthaceae,Acanthus eminens,5415452,,Acanthus syriacus Boiss.,Acanthus hirsutus,Plantae,,,,1846-04/1846-05,"Israel, Asia",,,
Preferred_nectar,gbif,Acanthaceae,Acanthus eminens,7263598,,Acanthus hirsutus Boiss.,Acanthus hirsutus,Plantae,,,,1842-06-01,"Türkiye, Asia",,,
Preferred_nectar,gbif,Acanthaceae,Acanthus eminens,5415455,,Acanthus mollis L.,Acanthus mollis,Plantae,,,,,,,,
Preferred_nectar,gbif,Acanthaceae,Acanthus eminens,4146809,,Axonopus eminens (Nees) G.A.Black,Axonopus eminens,Plantae,,,,2006-01-15,"Brazil, South_America",,,
Preferred_nectar,gbif,Acanthaceae,Acanthus eminens,6359819,,Acanthus ilicifolius L.,Acanthus ilicifolius,Plantae,23.01,113.75,,1958-01-01,"China, Asia",China,Eastern Asia,Asia
Preferred_nectar,gbif,Acanthaceae,Acanthus eminens,6359819,,Acanthus ilicifolius L.,Acanthus ilicifolius,Plantae,-1.965026,146.906188,,1979-09-10,"Papua New Guinea, Oceania",Papua New Guinea,Melanesia,Oceania
Preferred_nectar,gbif,Acanthaceae,Acanthus eminens,6359819,,Acanthus ilicifolius L.,Acanthus ilicifolius,Plantae,-2.669529,150.506148,,1979-09-04,"Papua New Guinea, Oceania",,,
Preferred_nectar,gbif,Acanthaceae,Acanthus eminens,5415455,,Acanthus mollis L.,Acanthus mollis,Plantae,,,,,"France, Europe",,,
Preferred_nectar,gbif,Acanthaceae,Acanthus eminens,5415455,,Acanthus mollis L.,Acanthus mollis,Plantae,,,,,"France, Europe",,,
Preferred_nectar,gbif,Acanthaceae,Acanthus eminens,5415455,,Acanthus mollis L.,Acanthus mollis,Plantae,,,,,"France, Europe",,,
Preferred_nectar,gbif,Acanthaceae,Acanthus eminens,5415455,,Acanthus mollis L.,Acanthus mollis,Plantae,,,,,"France, Europe",,,
Preferred_nectar,gbif,Acanthaceae,Acanthus eminens,5415455,,Acanthus mollis L.,Acanthus mollis,Plantae,,,,,"France, Europe",,,
Preferred_nectar,gbif,Acanthaceae,Acanthus eminens,5415455,,Acanthus mollis L.,Acanthus mollis,Plantae,,,,,"France, Europe",,,
Preferred_nectar,gbif,Acanthaceae,Acanthus eminens,5415455,,Acanthus mollis L.,Acanthus mollis,Plantae,,,,,"France, Europe",,,
Preferred_nectar,gbif,Acanthaceae,Acanthus eminens,5415455,,Acanthus mollis L.,Acanthus mollis,Plantae,,,,1976-06-11,,,,
Preferred_nectar,gbif,Acanthaceae,Acanthus eminens,6359819,,Acanthus ilicifolius L.,Acanthus ilicifolius,Plantae,,,,,,,,
Preferred_nectar,gbif,Acanthaceae,Acanthus eminens,2118290,,"Dromedopycnon acanthus Child, 1982",Dromedopycnon acanthus,Animalia,-54.92,-64.1533,,,"Argentina, South_America",,,
Preferred_nectar,gbif,Acanthaceae,Acanthus eminens,2118290,,"Dromedopycnon acanthus Child, 1982",Dromedopycnon acanthus,Animalia,-56.1033,-66.3166,,,,,,
Preferred_nectar,gbif,Acanthaceae,Acanthus eminens,3780725,,Aphelandra acanthus Nees,Aphelandra acanthus,Plantae,-4.08874,-79.65455,,1974-04-16,"Ecuador, South_America",Ecuador,South America,Americas
Preferred_nectar,gbif,Acanthaceae,Acanthus eminens,5415455,,Acanthus mollis L.,Acanthus mollis,Plantae,,,0.0,,,,,
Preferred_nectar,gbif,Acanthaceae,Acanthus eminens,3021135,,Prunus ×eminens Beck,Prunus eminens,Plantae,,,,1899-12-30,,,,
Preferred_nectar,gbif,Acanthaceae,Acanthus eminens,2118290,,"Dromedopycnon acanthus Child, 1982",Dromedopycnon acanthus,Animalia,-53.595,-36.8466,,,,,,
Preferred_nectar,gbif,Acanthaceae,Acanthus eminens,6359819,,Acanthus ilicifolius L.,Acanthus ilicifolius,Plantae,,,,1935-01-01,"China, Asia",,,
Preferred_nectar,gbif,Acanthaceae,Acanthus eminens,6359819,,Acanthus ilicifolius L.,Acanthus ilicifolius,Plantae,,,,1928-01-01,"China, Asia",,,
Preferred_nectar,gbif,Acanthaceae,Acanthus eminens,2704271,,Poa eminens J.Presl,Arctopoa eminens,Plantae,43.60241,145.26683,,2020-06-21,"Japan, Asia",,,
Preferred_nectar,gbif,Acanthaceae,Acanthus eminens,2704271,,Poa eminens J.Presl,Arctopoa eminens,Plantae,43.003298,144.266395,,1987-07-20,"Japan, Asia",Japan,Eastern Asia,Asia
Preferred_nectar,gbif,Acanthaceae,Acanthus eminens,2704271,,Poa eminens J.Presl,Arctopoa eminens,Plantae,41.924585,143.248999,,1974-07-12,"Japan, Asia",,,
Preferred_nectar,gbif,Acanthaceae,Acanthus eminens,2704271,,Poa eminens J.Presl,Arctopoa eminens,Plantae,43.085348,145.10959,,1975-07-15,"Japan, Asia",Japan,Eastern Asia,Asia
Preferred_nectar,gbif,Acanthaceae,Acanthus eminens,5415455,,Acanthus mollis L.,Acanthus mollis,Plantae,,,,,,,,
Preferred_nectar,gbif,Acanthaceae,Acanthus eminens,6983312,,"Athous acanthus (Say, 1839)",Athous acanthus,Animalia,46.81,-60.62,,2009-07-21,"Canada, North_America",Canada,Northern America,Americas
Preferred_nectar,gbif,Acanthaceae,Acanthus eminens,5415455,,Acanthus mollis L.,Acanthus mollis,Plantae,,,0.0,,,,,
Preferred_nectar,gbif,Acanthaceae,Acanthus eminens,3780725,,Aphelandra acanthus Nees,Aphelandra acanthus,Plantae,-0.35,-78.0,,1979-03-26,"Ecuador, South_America",Ecuador,South America,Americas
Preferred_nectar,gbif,Acanthaceae,Acanthus eminens,6359819,,Acanthus ilicifolius L.,Acanthus ilicifolius,Plantae,22.11001,88.75185,,2022-04-17,"India, Asia",India,Southern Asia,Asia
Preferred_nectar,gbif,Acanthaceae,Acanthus eminens,6359819,,Acanthus ilicifolius L.,Acanthus ilicifolius,Plantae,23.98,117.33,,1974-01-01,"China, Asia",China,Eastern Asia,Asia
Preferred_nectar,gbif,Acanthaceae,Acanthus eminens,5415455,,Acanthus mollis L.,Acanthus mollis,Plantae,,,,1965-07-10,,,,
Preferred_nectar,gbif,Acanthaceae,Acanthus eminens,3173198,,Acanthus L.,,Plantae,,,,1987-06-01,"Philippines, Asia",,,
Preferred_nectar,gbif,Acanthaceae,Acanthus eminens,5415454,,Acanthus ebracteatus Vahl,Acanthus ebracteatus,Plantae,18.516726,110.029085,,1935-01-01,"China, Asia",China,Eastern Asia,Asia
Preferred_nectar,gbif,Acanthaceae,Acanthus eminens,5415452,,Acanthus syriacus Boiss.,Acanthus hirsutus,Plantae,32.70194,35.30333,,,"Israel, Asia",Israel,Western Asia,Asia
Preferred_nectar,gbif,Acanthaceae,Acanthus eminens,3173198,,Acanthus L.,,Plantae,,,,,,,,
Preferred_nectar,gbif,Acanthaceae,Acanthus eminens,5415453,,Acanthus spinosus L.,Acanthus spinosus,Plantae,,,,,,,,
Preferred_nectar,gbif,Acanthaceae,Acanthus eminens,5415453,,Acanthus spinosus L.,Acanthus spinosus,Plantae,,,,,,,,
Preferred_nectar,gbif,Acanthaceae,Acanthus eminens,5415453,,Acanthus spinosus L.,Acanthus spinosus,Plantae,,,,,,,,
